Type,Value
Tree Up-and-Out EU Call,0.06262109819997087
Analytical Up-and-Out EU Call,0.05309279660325303
Tree Up-and-In EU Call,0.38812231889718535
Analytical Up-and-In EU Call,0.3981948482776454
Tree Up-and-In A Call,0.4507434170971562
