Steps,Abs Error
10,0.07838220029059495
20,0.05069194312436087
30,0.0027261975256136495
40,0.006462060357037558
50,0.017278661463449918
100,0.008511328015582631
150,0.0013602128962273419
200,0.0013970746405100876
250,0.0030884795584111835
300,0.000594661910377603
350,0.0020414667868204894
400,0.0009053013511235442
