Steps,Abs Error
10,0.12032084404936327
20,0.00928024797387872
30,0.03904593917569654
40,0.002298521477286819
50,0.016632059389977805
100,0.0001823855735061386
150,0.004449571374874672
200,0.0054544157620779465
250,0.0025911545465095998
300,0.00118413784583149
350,0.0034705840704774005
400,0.00201394954165357
