Option Type,Value
European Call,10.77154528986217
American Call,10.771633709359865
European Put,7.903447039608156
American Put,8.27435593093477
