Option Type,Value
European Call,11.001323377114792
American Call,11.001472532311025
European Put,8.133223385060965
American Put,8.500485529931007
