Steps,Abs Error
10,0.04422557918418901
20,0.04780683355937887
30,0.007400369564857456
40,0.011312814102280022
50,0.012755416240123996
100,0.003714871983870438
150,0.0035567296842411444
200,0.005407098479568884
250,0.0021066467843509074
300,0.00106554619970467
350,0.0035641295101265236
400,0.0006457655324361156
