,SPY,AMZN
In-the-money Options Average Daily Implied Vol,0.21070435146948274,0.41746319864038467
Out-of-the-money Options Average Daily Implied Vol,0.242723037849107,0.48310096716014983
