,SPY,AMZN
In-the-money Options Average Daily Implied Vol,0.15739310934145576,0.29781477676343643
Out-of-the-money Options Average Daily Implied Vol,0.16631389625540363,0.3189350623328305
