,Geometric Asian Call,Arithmetic Asian Call
95% CI,"['0.0000', '82.0909']","['0.0000', '92.6293']"
99% CI,"['0.0000', '137.4841']","['0.0000', '159.4854']"
Price Estimate,17.633424405991647,20.311748602733527
Standard Deviation,30.905571663610097,35.64158350153153
Standard Error,0.030905571663610097,0.03564158350153153
