,Mean,Standard Deviation,Skewness,Excess Kurtosis
BAC,6.797171,1.9137551,0.8876956,1.1679257
C,30.43613,8.1260216,0.8137333,0.8613759
GS,97.4470992,24.0259416,0.8245125,1.7052604
JPM,34.7093672,7.7974689,0.7213109,1.2237928
