,Theta_1,Theta_2
XLF,0.1819007,0.1925562
