,estimate,standard_deviation,standard_error
ETF Exchnage Option,0.8761727408307913,1.3449529666023021,0.04253114720263648
Basket Exchange Option,0.99957057029663,1.453259237953984,0.045956092226152066
