,Theta_1,Theta_2
BAC,0.2307702,0.2748426
C,0.1229293,0.2602074
GS,0.1152751,0.2366507
JPM,0.1876429,0.218011
