,Theta_1,Theta_2
BAC,0.000905,0.0172113
C,0.0004821,0.0162948
GS,0.0004521,0.0148196
JPM,0.0007359,0.0136524
