Simulation Count,n =  300,n =  400,n =  500,n =  600,n =  700
1000000,31.41597,35.24046,37.61623,40.60616,43.25504
2000000,64.52212,70.15672,75.01042,81.18651,85.95727
3000000,96.59307,103.65265,111.96133,121.49709,129.37581
4000000,127.70113,138.41027,149.31797,162.48306,172.75480
5000000,160.47166,174.49779,195.68161,204.59356,216.86057
