,European Call,European Put
Estimate,2.243289494600801,1.271557537236066
Standard Deviation,2.9576096946924317,2.059228990290305
Standard Error,0.09352783065023298,0.0651185383316612
