,European Call,European Put
Estimate,2.3198241634068038,1.0766778389964298
Standard Deviation,2.833503853074292,1.862612032079997
Standard Error,0.08960325934577859,0.05890096418607404
